{"cameraMode":{"drawMode":0,"name":"Shaded","section":"Shading Mode"},"sceneLighting":true,"audioPlay":false,"sceneViewState":{"showFog":true,"showMaterialUpdate":true,"showSkybox":true,"showFlares":true,"showImageEffects":true,"showParticleSystems":true},"in2DMode":false,"pivot":{"x":16.665027618408204,"y":2.8554720878601076,"z":9.825668334960938},"rotation":{"x":0.03567185252904892,"y":-0.9111263155937195,"z":0.0812089592218399,"w":0.40264424681663515},"size":4.734281063079834,"orthographic":false}